{"cameraMode":{"drawMode":0,"name":"Shaded","section":"Shading Mode"},"sceneLighting":true,"audioPlay":false,"sceneViewState":{"m_AlwaysRefresh":false,"showFog":true,"showSkybox":true,"showFlares":true,"showImageEffects":true,"showParticleSystems":true,"showVisualEffectGraphs":true,"m_FxEnabled":false},"in2DMode":false,"pivot":{"x":-0.4050000011920929,"y":0.9900000095367432,"z":-68.0999984741211},"rotation":{"x":0.04265334829688072,"y":0.9530272483825684,"z":-0.25333166122436526,"w":0.16045643389225007},"size":1.6038315296173096,"orthographic":false}