{"cameraMode":{"drawMode":0,"name":"Shaded","section":"Shading Mode"},"sceneLighting":true,"audioPlay":false,"sceneViewState":{"m_AlwaysRefresh":false,"showFog":true,"showSkybox":true,"showFlares":true,"showImageEffects":true,"showParticleSystems":true,"showVisualEffectGraphs":true,"m_FxEnabled":false},"in2DMode":false,"pivot":{"x":95.77470397949219,"y":36.22256088256836,"z":-324.0960998535156},"rotation":{"x":-0.008250623941421509,"y":0.9848506450653076,"z":0.047878216952085498,"w":0.16697268187999726},"size":142.1892547607422,"orthographic":false}